<?xml version="1.0" encoding="UTF-8" ?>
<module>
    <name>threejsviewport</name>
    <displayName><![CDATA[Threejs Viewport]]></displayName>
    <version><![CDATA[1.0.0]]></version>
    <description><![CDATA[Show 3d models in product page]]></description>
    <author><![CDATA[EE]]></author>
    <tab><![CDATA[front_office_features]]></tab>
	<confirmUninstall><![CDATA[Are you sure you want to uninstall?]]></confirmUninstall>
    <is_configurable>0</is_configurable>
    <need_instance>0</need_instance>
	<limited_countries></limited_countries>
</module>